customer_id;ticket_id;x;y;picking;x_y_date_time
c46;t11256920;29;20;0;2023-02-11 09:07:00
c46;t11256920;29;20;0;2023-02-11 09:07:00
c46;t11256920;29;19;0;2023-02-11 09:07:00
c46;t11256920;29;19;0;2023-02-11 09:07:01
c46;t11256920;30;19;0;2023-02-11 09:07:02
c46;t11256920;30;19;0;2023-02-11 09:07:03
c46;t11256920;31;19;0;2023-02-11 09:07:04
c46;t11256920;31;19;0;2023-02-11 09:07:05
c46;t11256920;32;19;1;2023-02-11 09:07:06
c46;t11256920;32;19;1;2023-02-11 09:07:07
c46;t11256920;32;19;1;2023-02-11 09:07:08
c46;t11256920;32;19;1;2023-02-11 09:07:09
c46;t11256920;32;19;1;2023-02-11 09:07:10
c46;t11256920;32;19;1;2023-02-11 09:07:11
c46;t11256920;32;19;1;2023-02-11 09:07:12
c46;t11256920;32;19;1;2023-02-11 09:07:13
c46;t11256920;32;19;1;2023-02-11 09:07:14
c46;t11256920;32;19;1;2023-02-11 09:07:15
c46;t11256920;32;19;1;2023-02-11 09:07:16
c46;t11256920;32;19;1;2023-02-11 09:07:17
c46;t11256920;32;19;1;2023-02-11 09:07:18
c46;t11256920;32;19;1;2023-02-11 09:07:19
c46;t11256920;32;19;1;2023-02-11 09:07:20
c46;t11256920;32;19;1;2023-02-11 09:07:21
c46;t11256920;32;19;1;2023-02-11 09:07:22
c46;t11256920;32;19;1;2023-02-11 09:07:23
c46;t11256920;32;19;1;2023-02-11 09:07:24
c46;t11256920;32;19;1;2023-02-11 09:07:25
c46;t11256920;32;19;1;2023-02-11 09:07:26
c46;t11256920;32;19;1;2023-02-11 09:07:27
c46;t11256920;32;19;1;2023-02-11 09:07:28
c46;t11256920;32;19;1;2023-02-11 09:07:29
c46;t11256920;32;19;1;2023-02-11 09:07:30
c46;t11256920;32;19;1;2023-02-11 09:07:31
c46;t11256920;32;19;1;2023-02-11 09:07:32
c46;t11256920;32;19;1;2023-02-11 09:07:33
c46;t11256920;32;19;1;2023-02-11 09:07:34
c46;t11256920;32;19;1;2023-02-11 09:07:35
c46;t11256920;32;19;1;2023-02-11 09:07:36
c46;t11256920;32;19;0;2023-02-11 09:07:37
c46;t11256920;32;19;0;2023-02-11 09:07:38
c46;t11256920;32;18;0;2023-02-11 09:07:39
c46;t11256920;32;18;0;2023-02-11 09:07:40
c46;t11256920;31;18;0;2023-02-11 09:07:41
c46;t11256920;31;18;0;2023-02-11 09:07:42
c46;t11256920;30;18;0;2023-02-11 09:07:43
c46;t11256920;30;18;0;2023-02-11 09:07:44
c46;t11256920;29;18;0;2023-02-11 09:07:45
c46;t11256920;29;18;0;2023-02-11 09:07:46
c46;t11256920;28;18;0;2023-02-11 09:07:47
c46;t11256920;28;18;0;2023-02-11 09:07:48
c46;t11256920;27;18;0;2023-02-11 09:07:49
c46;t11256920;27;18;0;2023-02-11 09:07:50
c46;t11256920;26;18;1;2023-02-11 09:07:51
c46;t11256920;26;18;1;2023-02-11 09:07:52
c46;t11256920;26;18;1;2023-02-11 09:07:53
c46;t11256920;26;18;1;2023-02-11 09:07:54
c46;t11256920;26;18;1;2023-02-11 09:07:55
c46;t11256920;26;18;1;2023-02-11 09:07:56
c46;t11256920;26;18;1;2023-02-11 09:07:57
c46;t11256920;26;18;1;2023-02-11 09:07:58
c46;t11256920;26;18;1;2023-02-11 09:07:59
c46;t11256920;26;18;1;2023-02-11 09:08:00
c46;t11256920;26;18;1;2023-02-11 09:08:01
c46;t11256920;26;18;1;2023-02-11 09:08:02
c46;t11256920;26;18;1;2023-02-11 09:08:03
c46;t11256920;26;18;1;2023-02-11 09:08:04
c46;t11256920;26;18;1;2023-02-11 09:08:05
c46;t11256920;26;18;1;2023-02-11 09:08:06
c46;t11256920;26;18;1;2023-02-11 09:08:07
c46;t11256920;26;18;1;2023-02-11 09:08:08
c46;t11256920;26;18;1;2023-02-11 09:08:09
c46;t11256920;26;18;1;2023-02-11 09:08:10
c46;t11256920;26;18;1;2023-02-11 09:08:11
c46;t11256920;26;18;1;2023-02-11 09:08:12
c46;t11256920;26;18;1;2023-02-11 09:08:13
c46;t11256920;26;18;1;2023-02-11 09:08:14
c46;t11256920;26;18;1;2023-02-11 09:08:15
c46;t11256920;26;18;1;2023-02-11 09:08:16
c46;t11256920;26;18;1;2023-02-11 09:08:17
c46;t11256920;26;18;1;2023-02-11 09:08:18
c46;t11256920;26;18;1;2023-02-11 09:08:19
c46;t11256920;26;18;1;2023-02-11 09:08:20
c46;t11256920;26;18;1;2023-02-11 09:08:21
c46;t11256920;26;18;1;2023-02-11 09:08:22
c46;t11256920;26;18;1;2023-02-11 09:08:23
c46;t11256920;26;18;1;2023-02-11 09:08:24
c46;t11256920;26;18;1;2023-02-11 09:08:25
c46;t11256920;26;18;1;2023-02-11 09:08:26
c46;t11256920;26;18;1;2023-02-11 09:08:27
c46;t11256920;26;18;1;2023-02-11 09:08:28
c46;t11256920;26;18;1;2023-02-11 09:08:29
c46;t11256920;26;18;1;2023-02-11 09:08:30
c46;t11256920;26;18;1;2023-02-11 09:08:31
c46;t11256920;26;18;1;2023-02-11 09:08:32
c46;t11256920;26;18;1;2023-02-11 09:08:33
c46;t11256920;26;18;1;2023-02-11 09:08:34
c46;t11256920;26;18;1;2023-02-11 09:08:35
c46;t11256920;26;18;1;2023-02-11 09:08:36
c46;t11256920;26;18;1;2023-02-11 09:08:37
c46;t11256920;26;18;1;2023-02-11 09:08:38
c46;t11256920;26;18;1;2023-02-11 09:08:39
c46;t11256920;26;18;1;2023-02-11 09:08:40
c46;t11256920;26;18;1;2023-02-11 09:08:41
c46;t11256920;26;18;1;2023-02-11 09:08:42
c46;t11256920;26;18;1;2023-02-11 09:08:43
c46;t11256920;26;18;1;2023-02-11 09:08:44
c46;t11256920;26;18;1;2023-02-11 09:08:45
c46;t11256920;26;18;1;2023-02-11 09:08:46
c46;t11256920;26;18;1;2023-02-11 09:08:47
c46;t11256920;26;18;1;2023-02-11 09:08:48
c46;t11256920;26;18;1;2023-02-11 09:08:49
c46;t11256920;26;18;1;2023-02-11 09:08:50
c46;t11256920;26;18;1;2023-02-11 09:08:51
c46;t11256920;26;18;1;2023-02-11 09:08:52
c46;t11256920;26;18;1;2023-02-11 09:08:53
c46;t11256920;26;18;1;2023-02-11 09:08:54
c46;t11256920;26;18;1;2023-02-11 09:08:55
c46;t11256920;26;18;0;2023-02-11 09:08:56
c46;t11256920;26;18;0;2023-02-11 09:08:57
c46;t11256920;26;19;0;2023-02-11 09:08:58
c46;t11256920;26;19;0;2023-02-11 09:08:59
c46;t11256920;25;19;0;2023-02-11 09:09:00
c46;t11256920;25;19;0;2023-02-11 09:09:01
c46;t11256920;24;19;1;2023-02-11 09:09:02
c46;t11256920;24;19;1;2023-02-11 09:09:03
c46;t11256920;24;19;1;2023-02-11 09:09:04
c46;t11256920;24;19;1;2023-02-11 09:09:05
c46;t11256920;24;19;1;2023-02-11 09:09:06
c46;t11256920;24;19;1;2023-02-11 09:09:07
c46;t11256920;24;19;1;2023-02-11 09:09:08
c46;t11256920;24;19;1;2023-02-11 09:09:09
c46;t11256920;24;19;1;2023-02-11 09:09:10
c46;t11256920;24;19;1;2023-02-11 09:09:11
c46;t11256920;24;19;1;2023-02-11 09:09:12
c46;t11256920;24;19;1;2023-02-11 09:09:13
c46;t11256920;24;19;1;2023-02-11 09:09:14
c46;t11256920;24;19;1;2023-02-11 09:09:15
c46;t11256920;24;19;1;2023-02-11 09:09:16
c46;t11256920;24;19;1;2023-02-11 09:09:17
c46;t11256920;24;19;1;2023-02-11 09:09:18
c46;t11256920;24;19;1;2023-02-11 09:09:19
c46;t11256920;24;19;1;2023-02-11 09:09:20
c46;t11256920;24;19;1;2023-02-11 09:09:21
c46;t11256920;24;19;1;2023-02-11 09:09:22
c46;t11256920;24;19;1;2023-02-11 09:09:23
c46;t11256920;24;19;1;2023-02-11 09:09:24
c46;t11256920;24;19;1;2023-02-11 09:09:25
c46;t11256920;24;19;1;2023-02-11 09:09:26
c46;t11256920;24;19;1;2023-02-11 09:09:27
c46;t11256920;24;19;1;2023-02-11 09:09:28
c46;t11256920;24;19;1;2023-02-11 09:09:29
c46;t11256920;24;19;1;2023-02-11 09:09:30
c46;t11256920;24;19;1;2023-02-11 09:09:31
c46;t11256920;24;19;1;2023-02-11 09:09:32
c46;t11256920;24;19;1;2023-02-11 09:09:33
c46;t11256920;24;19;1;2023-02-11 09:09:34
c46;t11256920;24;19;1;2023-02-11 09:09:35
c46;t11256920;24;19;1;2023-02-11 09:09:36
c46;t11256920;24;19;1;2023-02-11 09:09:37
c46;t11256920;24;19;1;2023-02-11 09:09:38
c46;t11256920;24;19;1;2023-02-11 09:09:39
c46;t11256920;24;19;1;2023-02-11 09:09:40
c46;t11256920;24;19;1;2023-02-11 09:09:41
c46;t11256920;24;19;1;2023-02-11 09:09:42
c46;t11256920;24;19;1;2023-02-11 09:09:43
c46;t11256920;24;19;1;2023-02-11 09:09:44
c46;t11256920;24;19;1;2023-02-11 09:09:45
c46;t11256920;24;19;0;2023-02-11 09:09:46
c46;t11256920;24;19;0;2023-02-11 09:09:47
c46;t11256920;24;18;0;2023-02-11 09:09:48
c46;t11256920;24;18;0;2023-02-11 09:09:49
c46;t11256920;24;17;0;2023-02-11 09:09:50
c46;t11256920;24;17;0;2023-02-11 09:09:51
c46;t11256920;24;16;0;2023-02-11 09:09:52
c46;t11256920;24;16;0;2023-02-11 09:09:53
c46;t11256920;24;15;0;2023-02-11 09:09:54
c46;t11256920;24;15;0;2023-02-11 09:09:55
c46;t11256920;24;14;0;2023-02-11 09:09:56
c46;t11256920;24;14;0;2023-02-11 09:09:57
c46;t11256920;24;13;0;2023-02-11 09:09:58
c46;t11256920;24;13;0;2023-02-11 09:09:59
c46;t11256920;24;12;0;2023-02-11 09:10:00
c46;t11256920;24;12;0;2023-02-11 09:10:01
c46;t11256920;24;11;0;2023-02-11 09:10:02
c46;t11256920;24;11;0;2023-02-11 09:10:03
c46;t11256920;24;10;0;2023-02-11 09:10:04
c46;t11256920;24;10;0;2023-02-11 09:10:05
c46;t11256920;24;9;0;2023-02-11 09:10:06
c46;t11256920;24;9;0;2023-02-11 09:10:07
c46;t11256920;24;8;0;2023-02-11 09:10:08
c46;t11256920;24;8;0;2023-02-11 09:10:09
c46;t11256920;24;7;0;2023-02-11 09:10:10
c46;t11256920;24;7;0;2023-02-11 09:10:11
c46;t11256920;25;7;1;2023-02-11 09:10:12
c46;t11256920;25;7;1;2023-02-11 09:10:13
c46;t11256920;25;7;1;2023-02-11 09:10:14
c46;t11256920;25;7;1;2023-02-11 09:10:15
c46;t11256920;25;7;1;2023-02-11 09:10:16
c46;t11256920;25;7;1;2023-02-11 09:10:17
c46;t11256920;25;7;1;2023-02-11 09:10:18
c46;t11256920;25;7;1;2023-02-11 09:10:19
c46;t11256920;25;7;1;2023-02-11 09:10:20
c46;t11256920;25;7;1;2023-02-11 09:10:21
c46;t11256920;25;7;1;2023-02-11 09:10:22
c46;t11256920;25;7;1;2023-02-11 09:10:23
c46;t11256920;25;7;1;2023-02-11 09:10:24
c46;t11256920;25;7;1;2023-02-11 09:10:25
c46;t11256920;25;7;1;2023-02-11 09:10:26
c46;t11256920;25;7;1;2023-02-11 09:10:27
c46;t11256920;25;7;1;2023-02-11 09:10:28
c46;t11256920;25;7;1;2023-02-11 09:10:29
c46;t11256920;25;7;1;2023-02-11 09:10:30
c46;t11256920;25;7;1;2023-02-11 09:10:31
c46;t11256920;25;7;1;2023-02-11 09:10:32
c46;t11256920;25;7;1;2023-02-11 09:10:33
c46;t11256920;25;7;1;2023-02-11 09:10:34
c46;t11256920;25;7;1;2023-02-11 09:10:35
c46;t11256920;25;7;1;2023-02-11 09:10:36
c46;t11256920;25;7;1;2023-02-11 09:10:37
c46;t11256920;25;7;1;2023-02-11 09:10:38
c46;t11256920;25;7;1;2023-02-11 09:10:39
c46;t11256920;25;7;1;2023-02-11 09:10:40
c46;t11256920;25;7;1;2023-02-11 09:10:41
c46;t11256920;25;7;1;2023-02-11 09:10:42
c46;t11256920;25;7;1;2023-02-11 09:10:43
c46;t11256920;25;7;0;2023-02-11 09:10:44
c46;t11256920;25;7;0;2023-02-11 09:10:45
c46;t11256920;25;6;0;2023-02-11 09:10:46
c46;t11256920;25;6;0;2023-02-11 09:10:47
c46;t11256920;25;5;0;2023-02-11 09:10:48
c46;t11256920;25;5;0;2023-02-11 09:10:49
c46;t11256920;25;4;0;2023-02-11 09:10:50
c46;t11256920;25;4;0;2023-02-11 09:10:51
c46;t11256920;25;3;0;2023-02-11 09:10:52
c46;t11256920;25;3;0;2023-02-11 09:10:53
c46;t11256920;26;3;0;2023-02-11 09:10:54
c46;t11256920;26;3;0;2023-02-11 09:10:55
c46;t11256920;27;3;0;2023-02-11 09:10:56
c46;t11256920;27;3;0;2023-02-11 09:10:57
c46;t11256920;28;3;0;2023-02-11 09:10:58
c46;t11256920;28;3;0;2023-02-11 09:10:59
c46;t11256920;28;4;0;2023-02-11 09:11:00
c46;t11256920;28;4;0;2023-02-11 09:11:01
c46;t11256920;28;5;0;2023-02-11 09:11:02
c46;t11256920;28;5;0;2023-02-11 09:11:03
c46;t11256920;28;6;0;2023-02-11 09:11:04
c46;t11256920;28;6;0;2023-02-11 09:11:05
c46;t11256920;28;7;0;2023-02-11 09:11:06
c46;t11256920;28;7;0;2023-02-11 09:11:07
c46;t11256920;28;8;0;2023-02-11 09:11:08
c46;t11256920;28;8;0;2023-02-11 09:11:09
c46;t11256920;29;8;0;2023-02-11 09:11:10
c46;t11256920;29;8;0;2023-02-11 09:11:11
c46;t11256920;30;8;1;2023-02-11 09:11:12
c46;t11256920;30;8;1;2023-02-11 09:11:13
c46;t11256920;30;8;1;2023-02-11 09:11:14
c46;t11256920;30;8;1;2023-02-11 09:11:15
c46;t11256920;30;8;1;2023-02-11 09:11:16
c46;t11256920;30;8;1;2023-02-11 09:11:17
c46;t11256920;30;8;1;2023-02-11 09:11:18
c46;t11256920;30;8;1;2023-02-11 09:11:19
c46;t11256920;30;8;1;2023-02-11 09:11:20
c46;t11256920;30;8;1;2023-02-11 09:11:21
c46;t11256920;30;8;1;2023-02-11 09:11:22
c46;t11256920;30;8;1;2023-02-11 09:11:23
c46;t11256920;30;8;1;2023-02-11 09:11:24
c46;t11256920;30;8;1;2023-02-11 09:11:25
c46;t11256920;30;8;1;2023-02-11 09:11:26
c46;t11256920;30;8;1;2023-02-11 09:11:27
c46;t11256920;30;8;1;2023-02-11 09:11:28
c46;t11256920;30;8;1;2023-02-11 09:11:29
c46;t11256920;30;8;1;2023-02-11 09:11:30
c46;t11256920;30;8;1;2023-02-11 09:11:31
c46;t11256920;30;8;1;2023-02-11 09:11:32
c46;t11256920;30;8;1;2023-02-11 09:11:33
c46;t11256920;30;8;1;2023-02-11 09:11:34
c46;t11256920;30;8;1;2023-02-11 09:11:35
c46;t11256920;30;8;1;2023-02-11 09:11:36
c46;t11256920;30;8;1;2023-02-11 09:11:37
c46;t11256920;30;8;1;2023-02-11 09:11:38
c46;t11256920;30;8;1;2023-02-11 09:11:39
c46;t11256920;30;8;1;2023-02-11 09:11:40
c46;t11256920;30;8;1;2023-02-11 09:11:41
c46;t11256920;30;8;1;2023-02-11 09:11:42
c46;t11256920;30;8;1;2023-02-11 09:11:43
c46;t11256920;30;8;1;2023-02-11 09:11:44
c46;t11256920;30;8;1;2023-02-11 09:11:45
c46;t11256920;30;8;1;2023-02-11 09:11:46
c46;t11256920;30;8;1;2023-02-11 09:11:47
c46;t11256920;30;8;1;2023-02-11 09:11:48
c46;t11256920;30;8;1;2023-02-11 09:11:49
c46;t11256920;30;8;1;2023-02-11 09:11:50
c46;t11256920;30;8;1;2023-02-11 09:11:51
c46;t11256920;30;8;1;2023-02-11 09:11:52
c46;t11256920;30;8;1;2023-02-11 09:11:53
c46;t11256920;30;8;1;2023-02-11 09:11:54
c46;t11256920;30;8;1;2023-02-11 09:11:55
c46;t11256920;30;8;1;2023-02-11 09:11:56
c46;t11256920;30;8;1;2023-02-11 09:11:57
c46;t11256920;30;8;1;2023-02-11 09:11:58
c46;t11256920;30;8;1;2023-02-11 09:11:59
c46;t11256920;30;8;1;2023-02-11 09:12:00
c46;t11256920;30;8;1;2023-02-11 09:12:01
c46;t11256920;30;8;1;2023-02-11 09:12:02
c46;t11256920;30;8;1;2023-02-11 09:12:03
c46;t11256920;30;8;1;2023-02-11 09:12:04
c46;t11256920;30;8;1;2023-02-11 09:12:05
c46;t11256920;30;8;0;2023-02-11 09:12:06
c46;t11256920;30;8;0;2023-02-11 09:12:07
c46;t11256920;31;8;0;2023-02-11 09:12:08
c46;t11256920;31;8;0;2023-02-11 09:12:09
c46;t11256920;32;8;0;2023-02-11 09:12:10
c46;t11256920;32;8;0;2023-02-11 09:12:11
c46;t11256920;33;8;0;2023-02-11 09:12:12
c46;t11256920;33;8;0;2023-02-11 09:12:13
c46;t11256920;33;9;0;2023-02-11 09:12:14
c46;t11256920;33;9;0;2023-02-11 09:12:15
c46;t11256920;33;10;0;2023-02-11 09:12:16
c46;t11256920;33;10;0;2023-02-11 09:12:17
c46;t11256920;33;11;0;2023-02-11 09:12:18
c46;t11256920;33;11;0;2023-02-11 09:12:19
c46;t11256920;32;11;1;2023-02-11 09:12:20
c46;t11256920;32;11;1;2023-02-11 09:12:21
c46;t11256920;32;11;1;2023-02-11 09:12:22
c46;t11256920;32;11;1;2023-02-11 09:12:23
c46;t11256920;32;11;1;2023-02-11 09:12:24
c46;t11256920;32;11;1;2023-02-11 09:12:25
c46;t11256920;32;11;1;2023-02-11 09:12:26
c46;t11256920;32;11;1;2023-02-11 09:12:27
c46;t11256920;32;11;1;2023-02-11 09:12:28
c46;t11256920;32;11;1;2023-02-11 09:12:29
c46;t11256920;32;11;1;2023-02-11 09:12:30
c46;t11256920;32;11;1;2023-02-11 09:12:31
c46;t11256920;32;11;1;2023-02-11 09:12:32
c46;t11256920;32;11;1;2023-02-11 09:12:33
c46;t11256920;32;11;1;2023-02-11 09:12:34
c46;t11256920;32;11;1;2023-02-11 09:12:35
c46;t11256920;32;11;1;2023-02-11 09:12:36
c46;t11256920;32;11;1;2023-02-11 09:12:37
c46;t11256920;32;11;1;2023-02-11 09:12:38
c46;t11256920;32;11;1;2023-02-11 09:12:39
c46;t11256920;32;11;1;2023-02-11 09:12:40
c46;t11256920;32;11;1;2023-02-11 09:12:41
c46;t11256920;32;11;1;2023-02-11 09:12:42
c46;t11256920;32;11;1;2023-02-11 09:12:43
c46;t11256920;32;11;1;2023-02-11 09:12:44
c46;t11256920;32;11;1;2023-02-11 09:12:45
c46;t11256920;32;11;1;2023-02-11 09:12:46
c46;t11256920;32;11;1;2023-02-11 09:12:47
c46;t11256920;32;11;1;2023-02-11 09:12:48
c46;t11256920;32;11;1;2023-02-11 09:12:49
c46;t11256920;32;11;0;2023-02-11 09:12:50
c46;t11256920;32;11;0;2023-02-11 09:12:51
c46;t11256920;33;11;0;2023-02-11 09:12:52
c46;t11256920;33;11;0;2023-02-11 09:12:53
c46;t11256920;34;11;1;2023-02-11 09:12:54
c46;t11256920;34;11;1;2023-02-11 09:12:55
c46;t11256920;34;11;1;2023-02-11 09:12:56
c46;t11256920;34;11;1;2023-02-11 09:12:57
c46;t11256920;34;11;1;2023-02-11 09:12:58
c46;t11256920;34;11;1;2023-02-11 09:12:59
c46;t11256920;34;11;1;2023-02-11 09:13:00
c46;t11256920;34;11;1;2023-02-11 09:13:01
c46;t11256920;34;11;1;2023-02-11 09:13:02
c46;t11256920;34;11;1;2023-02-11 09:13:03
c46;t11256920;34;11;1;2023-02-11 09:13:04
c46;t11256920;34;11;1;2023-02-11 09:13:05
c46;t11256920;34;11;1;2023-02-11 09:13:06
c46;t11256920;34;11;1;2023-02-11 09:13:07
c46;t11256920;34;11;1;2023-02-11 09:13:08
c46;t11256920;34;11;1;2023-02-11 09:13:09
c46;t11256920;34;11;1;2023-02-11 09:13:10
c46;t11256920;34;11;1;2023-02-11 09:13:11
c46;t11256920;34;11;1;2023-02-11 09:13:12
c46;t11256920;34;11;1;2023-02-11 09:13:13
c46;t11256920;34;11;1;2023-02-11 09:13:14
c46;t11256920;34;11;1;2023-02-11 09:13:15
c46;t11256920;34;11;1;2023-02-11 09:13:16
c46;t11256920;34;11;0;2023-02-11 09:13:17
c46;t11256920;34;11;0;2023-02-11 09:13:18
c46;t11256920;34;10;1;2023-02-11 09:13:19
c46;t11256920;34;10;1;2023-02-11 09:13:20
c46;t11256920;34;10;1;2023-02-11 09:13:21
c46;t11256920;34;10;1;2023-02-11 09:13:22
c46;t11256920;34;10;1;2023-02-11 09:13:23
c46;t11256920;34;10;1;2023-02-11 09:13:24
c46;t11256920;34;10;1;2023-02-11 09:13:25
c46;t11256920;34;10;1;2023-02-11 09:13:26
c46;t11256920;34;10;1;2023-02-11 09:13:27
c46;t11256920;34;10;1;2023-02-11 09:13:28
c46;t11256920;34;10;1;2023-02-11 09:13:29
c46;t11256920;34;10;1;2023-02-11 09:13:30
c46;t11256920;34;10;1;2023-02-11 09:13:31
c46;t11256920;34;10;1;2023-02-11 09:13:32
c46;t11256920;34;10;1;2023-02-11 09:13:33
c46;t11256920;34;10;1;2023-02-11 09:13:34
c46;t11256920;34;10;1;2023-02-11 09:13:35
c46;t11256920;34;10;1;2023-02-11 09:13:36
c46;t11256920;34;10;1;2023-02-11 09:13:37
c46;t11256920;34;10;1;2023-02-11 09:13:38
c46;t11256920;34;10;0;2023-02-11 09:13:39
c46;t11256920;34;10;0;2023-02-11 09:13:40
c46;t11256920;34;11;1;2023-02-11 09:13:41
c46;t11256920;34;11;1;2023-02-11 09:13:42
c46;t11256920;34;11;1;2023-02-11 09:13:43
c46;t11256920;34;11;1;2023-02-11 09:13:44
c46;t11256920;34;11;1;2023-02-11 09:13:45
c46;t11256920;34;11;1;2023-02-11 09:13:46
c46;t11256920;34;11;1;2023-02-11 09:13:47
c46;t11256920;34;11;1;2023-02-11 09:13:48
c46;t11256920;34;11;1;2023-02-11 09:13:49
c46;t11256920;34;11;1;2023-02-11 09:13:50
c46;t11256920;34;11;1;2023-02-11 09:13:51
c46;t11256920;34;11;1;2023-02-11 09:13:52
c46;t11256920;34;11;1;2023-02-11 09:13:53
c46;t11256920;34;11;1;2023-02-11 09:13:54
c46;t11256920;34;11;1;2023-02-11 09:13:55
c46;t11256920;34;11;1;2023-02-11 09:13:56
c46;t11256920;34;11;1;2023-02-11 09:13:57
c46;t11256920;34;11;1;2023-02-11 09:13:58
c46;t11256920;34;11;1;2023-02-11 09:13:59
c46;t11256920;34;11;1;2023-02-11 09:14:00
c46;t11256920;34;11;1;2023-02-11 09:14:01
c46;t11256920;34;11;1;2023-02-11 09:14:02
c46;t11256920;34;11;1;2023-02-11 09:14:03
c46;t11256920;34;11;0;2023-02-11 09:14:04
c46;t11256920;34;11;0;2023-02-11 09:14:05
c46;t11256920;34;12;0;2023-02-11 09:14:06
c46;t11256920;34;12;0;2023-02-11 09:14:07
c46;t11256920;34;13;0;2023-02-11 09:14:08
c46;t11256920;34;13;0;2023-02-11 09:14:09
c46;t11256920;34;14;0;2023-02-11 09:14:10
c46;t11256920;34;14;0;2023-02-11 09:14:11
c46;t11256920;34;15;0;2023-02-11 09:14:12
c46;t11256920;34;15;0;2023-02-11 09:14:13
c46;t11256920;34;16;0;2023-02-11 09:14:14
c46;t11256920;34;16;0;2023-02-11 09:14:15
c46;t11256920;35;16;0;2023-02-11 09:14:16
c46;t11256920;35;16;0;2023-02-11 09:14:17
c46;t11256920;36;16;0;2023-02-11 09:14:18
c46;t11256920;36;16;0;2023-02-11 09:14:19
c46;t11256920;37;16;0;2023-02-11 09:14:20
c46;t11256920;37;16;0;2023-02-11 09:14:21
c46;t11256920;37;15;0;2023-02-11 09:14:22
c46;t11256920;37;15;0;2023-02-11 09:14:23
c46;t11256920;37;14;0;2023-02-11 09:14:24
c46;t11256920;37;14;0;2023-02-11 09:14:25
c46;t11256920;37;13;1;2023-02-11 09:14:26
c46;t11256920;37;13;1;2023-02-11 09:14:27
c46;t11256920;37;13;1;2023-02-11 09:14:28
c46;t11256920;37;13;1;2023-02-11 09:14:29
c46;t11256920;37;13;1;2023-02-11 09:14:30
c46;t11256920;37;13;1;2023-02-11 09:14:31
c46;t11256920;37;13;1;2023-02-11 09:14:32
c46;t11256920;37;13;1;2023-02-11 09:14:33
c46;t11256920;37;13;1;2023-02-11 09:14:34
c46;t11256920;37;13;1;2023-02-11 09:14:35
c46;t11256920;37;13;1;2023-02-11 09:14:36
c46;t11256920;37;13;1;2023-02-11 09:14:37
c46;t11256920;37;13;1;2023-02-11 09:14:38
c46;t11256920;37;13;1;2023-02-11 09:14:39
c46;t11256920;37;13;1;2023-02-11 09:14:40
c46;t11256920;37;13;1;2023-02-11 09:14:41
c46;t11256920;37;13;1;2023-02-11 09:14:42
c46;t11256920;37;13;1;2023-02-11 09:14:43
c46;t11256920;37;13;1;2023-02-11 09:14:44
c46;t11256920;37;13;1;2023-02-11 09:14:45
c46;t11256920;37;13;1;2023-02-11 09:14:46
c46;t11256920;37;13;1;2023-02-11 09:14:47
c46;t11256920;37;13;1;2023-02-11 09:14:48
c46;t11256920;37;13;1;2023-02-11 09:14:49
c46;t11256920;37;13;1;2023-02-11 09:14:50
c46;t11256920;37;13;1;2023-02-11 09:14:51
c46;t11256920;37;13;1;2023-02-11 09:14:52
c46;t11256920;37;13;1;2023-02-11 09:14:53
c46;t11256920;37;13;1;2023-02-11 09:14:54
c46;t11256920;37;13;1;2023-02-11 09:14:55
c46;t11256920;37;13;1;2023-02-11 09:14:56
c46;t11256920;37;13;1;2023-02-11 09:14:57
c46;t11256920;37;13;1;2023-02-11 09:14:58
c46;t11256920;37;13;1;2023-02-11 09:14:59
c46;t11256920;37;13;1;2023-02-11 09:15:00
c46;t11256920;37;13;1;2023-02-11 09:15:01
c46;t11256920;37;13;1;2023-02-11 09:15:02
c46;t11256920;37;13;1;2023-02-11 09:15:03
c46;t11256920;37;13;1;2023-02-11 09:15:04
c46;t11256920;37;13;1;2023-02-11 09:15:05
c46;t11256920;37;13;1;2023-02-11 09:15:06
c46;t11256920;37;13;1;2023-02-11 09:15:07
c46;t11256920;37;13;1;2023-02-11 09:15:08
c46;t11256920;37;13;1;2023-02-11 09:15:09
c46;t11256920;37;13;1;2023-02-11 09:15:10
c46;t11256920;37;13;1;2023-02-11 09:15:11
c46;t11256920;37;13;1;2023-02-11 09:15:12
c46;t11256920;37;13;1;2023-02-11 09:15:13
c46;t11256920;37;13;1;2023-02-11 09:15:14
c46;t11256920;37;13;1;2023-02-11 09:15:15
c46;t11256920;37;13;1;2023-02-11 09:15:16
c46;t11256920;37;13;1;2023-02-11 09:15:17
c46;t11256920;37;13;1;2023-02-11 09:15:18
c46;t11256920;37;13;1;2023-02-11 09:15:19
c46;t11256920;37;13;1;2023-02-11 09:15:20
c46;t11256920;37;13;1;2023-02-11 09:15:21
c46;t11256920;37;13;1;2023-02-11 09:15:22
c46;t11256920;37;13;1;2023-02-11 09:15:23
c46;t11256920;37;13;1;2023-02-11 09:15:24
c46;t11256920;37;13;1;2023-02-11 09:15:25
c46;t11256920;37;13;1;2023-02-11 09:15:26
c46;t11256920;37;13;1;2023-02-11 09:15:27
c46;t11256920;37;13;1;2023-02-11 09:15:28
c46;t11256920;37;13;0;2023-02-11 09:15:29
c46;t11256920;37;13;0;2023-02-11 09:15:30
c46;t11256920;37;12;0;2023-02-11 09:15:31
c46;t11256920;37;12;0;2023-02-11 09:15:32
c46;t11256920;37;11;1;2023-02-11 09:15:33
c46;t11256920;37;11;1;2023-02-11 09:15:34
c46;t11256920;37;11;1;2023-02-11 09:15:35
c46;t11256920;37;11;1;2023-02-11 09:15:36
c46;t11256920;37;11;1;2023-02-11 09:15:37
c46;t11256920;37;11;1;2023-02-11 09:15:38
c46;t11256920;37;11;1;2023-02-11 09:15:39
c46;t11256920;37;11;1;2023-02-11 09:15:40
c46;t11256920;37;11;1;2023-02-11 09:15:41
c46;t11256920;37;11;1;2023-02-11 09:15:42
c46;t11256920;37;11;1;2023-02-11 09:15:43
c46;t11256920;37;11;0;2023-02-11 09:15:44
c46;t11256920;37;11;0;2023-02-11 09:15:45
c46;t11256920;37;12;0;2023-02-11 09:15:46
c46;t11256920;37;12;0;2023-02-11 09:15:47
c46;t11256920;37;13;1;2023-02-11 09:15:48
c46;t11256920;37;13;1;2023-02-11 09:15:49
c46;t11256920;37;13;1;2023-02-11 09:15:50
c46;t11256920;37;13;1;2023-02-11 09:15:51
c46;t11256920;37;13;1;2023-02-11 09:15:52
c46;t11256920;37;13;1;2023-02-11 09:15:53
c46;t11256920;37;13;1;2023-02-11 09:15:54
c46;t11256920;37;13;1;2023-02-11 09:15:55
c46;t11256920;37;13;1;2023-02-11 09:15:56
c46;t11256920;37;13;1;2023-02-11 09:15:57
c46;t11256920;37;13;1;2023-02-11 09:15:58
c46;t11256920;37;13;1;2023-02-11 09:15:59
c46;t11256920;37;13;1;2023-02-11 09:16:00
c46;t11256920;37;13;1;2023-02-11 09:16:01
c46;t11256920;37;13;1;2023-02-11 09:16:02
c46;t11256920;37;13;1;2023-02-11 09:16:03
c46;t11256920;37;13;1;2023-02-11 09:16:04
c46;t11256920;37;13;1;2023-02-11 09:16:05
c46;t11256920;37;13;1;2023-02-11 09:16:06
c46;t11256920;37;13;1;2023-02-11 09:16:07
c46;t11256920;37;13;1;2023-02-11 09:16:08
c46;t11256920;37;13;1;2023-02-11 09:16:09
c46;t11256920;37;13;1;2023-02-11 09:16:10
c46;t11256920;37;13;1;2023-02-11 09:16:11
c46;t11256920;37;13;1;2023-02-11 09:16:12
c46;t11256920;37;13;1;2023-02-11 09:16:13
c46;t11256920;37;13;1;2023-02-11 09:16:14
c46;t11256920;37;13;1;2023-02-11 09:16:15
c46;t11256920;37;13;1;2023-02-11 09:16:16
c46;t11256920;37;13;1;2023-02-11 09:16:17
c46;t11256920;37;13;1;2023-02-11 09:16:18
c46;t11256920;37;13;1;2023-02-11 09:16:19
c46;t11256920;37;13;1;2023-02-11 09:16:20
c46;t11256920;37;13;1;2023-02-11 09:16:21
c46;t11256920;37;13;1;2023-02-11 09:16:22
c46;t11256920;37;13;1;2023-02-11 09:16:23
c46;t11256920;37;13;1;2023-02-11 09:16:24
c46;t11256920;37;13;1;2023-02-11 09:16:25
c46;t11256920;37;13;1;2023-02-11 09:16:26
c46;t11256920;37;13;1;2023-02-11 09:16:27
c46;t11256920;37;13;1;2023-02-11 09:16:28
c46;t11256920;37;13;1;2023-02-11 09:16:29
c46;t11256920;37;13;1;2023-02-11 09:16:30
c46;t11256920;37;13;1;2023-02-11 09:16:31
c46;t11256920;37;13;1;2023-02-11 09:16:32
c46;t11256920;37;13;1;2023-02-11 09:16:33
c46;t11256920;37;13;1;2023-02-11 09:16:34
c46;t11256920;37;13;1;2023-02-11 09:16:35
c46;t11256920;37;13;1;2023-02-11 09:16:36
c46;t11256920;37;13;1;2023-02-11 09:16:37
c46;t11256920;37;13;1;2023-02-11 09:16:38
c46;t11256920;37;13;1;2023-02-11 09:16:39
c46;t11256920;37;13;1;2023-02-11 09:16:40
c46;t11256920;37;13;1;2023-02-11 09:16:41
c46;t11256920;37;13;1;2023-02-11 09:16:42
c46;t11256920;37;13;1;2023-02-11 09:16:43
c46;t11256920;37;13;1;2023-02-11 09:16:44
c46;t11256920;37;13;1;2023-02-11 09:16:45
c46;t11256920;37;13;1;2023-02-11 09:16:46
c46;t11256920;37;13;1;2023-02-11 09:16:47
c46;t11256920;37;13;1;2023-02-11 09:16:48
c46;t11256920;37;13;1;2023-02-11 09:16:49
c46;t11256920;37;13;1;2023-02-11 09:16:50
c46;t11256920;37;13;0;2023-02-11 09:16:51
c46;t11256920;37;13;0;2023-02-11 09:16:52
c46;t11256920;37;14;0;2023-02-11 09:16:53
c46;t11256920;37;14;0;2023-02-11 09:16:54
c46;t11256920;37;15;0;2023-02-11 09:16:55
c46;t11256920;37;15;0;2023-02-11 09:16:56
c46;t11256920;37;16;0;2023-02-11 09:16:57
c46;t11256920;37;16;0;2023-02-11 09:16:58
c46;t11256920;38;16;0;2023-02-11 09:16:59
c46;t11256920;38;16;0;2023-02-11 09:17:00
c46;t11256920;39;16;0;2023-02-11 09:17:01
c46;t11256920;39;16;0;2023-02-11 09:17:02
c46;t11256920;40;16;0;2023-02-11 09:17:03
c46;t11256920;40;16;0;2023-02-11 09:17:04
c46;t11256920;41;16;0;2023-02-11 09:17:05
c46;t11256920;41;16;0;2023-02-11 09:17:06
c46;t11256920;41;15;0;2023-02-11 09:17:07
c46;t11256920;41;15;0;2023-02-11 09:17:08
c46;t11256920;41;14;0;2023-02-11 09:17:09
c46;t11256920;41;14;0;2023-02-11 09:17:10
c46;t11256920;41;13;0;2023-02-11 09:17:11
c46;t11256920;41;13;0;2023-02-11 09:17:12
c46;t11256920;41;12;0;2023-02-11 09:17:13
c46;t11256920;41;12;0;2023-02-11 09:17:14
c46;t11256920;41;11;0;2023-02-11 09:17:15
c46;t11256920;41;11;0;2023-02-11 09:17:16
c46;t11256920;42;11;1;2023-02-11 09:17:17
c46;t11256920;42;11;1;2023-02-11 09:17:18
c46;t11256920;42;11;1;2023-02-11 09:17:19
c46;t11256920;42;11;1;2023-02-11 09:17:20
c46;t11256920;42;11;1;2023-02-11 09:17:21
c46;t11256920;42;11;1;2023-02-11 09:17:22
c46;t11256920;42;11;1;2023-02-11 09:17:23
c46;t11256920;42;11;1;2023-02-11 09:17:24
c46;t11256920;42;11;1;2023-02-11 09:17:25
c46;t11256920;42;11;1;2023-02-11 09:17:26
c46;t11256920;42;11;1;2023-02-11 09:17:27
c46;t11256920;42;11;1;2023-02-11 09:17:28
c46;t11256920;42;11;1;2023-02-11 09:17:29
c46;t11256920;42;11;1;2023-02-11 09:17:30
c46;t11256920;42;11;1;2023-02-11 09:17:31
c46;t11256920;42;11;1;2023-02-11 09:17:32
c46;t11256920;42;11;1;2023-02-11 09:17:33
c46;t11256920;42;11;0;2023-02-11 09:17:34
c46;t11256920;42;11;0;2023-02-11 09:17:35
c46;t11256920;42;10;0;2023-02-11 09:17:36
c46;t11256920;42;10;0;2023-02-11 09:17:37
c46;t11256920;42;9;0;2023-02-11 09:17:38
c46;t11256920;42;9;0;2023-02-11 09:17:39
c46;t11256920;42;8;1;2023-02-11 09:17:40
c46;t11256920;42;8;1;2023-02-11 09:17:41
c46;t11256920;42;8;1;2023-02-11 09:17:42
c46;t11256920;42;8;1;2023-02-11 09:17:43
c46;t11256920;42;8;1;2023-02-11 09:17:44
c46;t11256920;42;8;1;2023-02-11 09:17:45
c46;t11256920;42;8;1;2023-02-11 09:17:46
c46;t11256920;42;8;1;2023-02-11 09:17:47
c46;t11256920;42;8;1;2023-02-11 09:17:48
c46;t11256920;42;8;1;2023-02-11 09:17:49
c46;t11256920;42;8;1;2023-02-11 09:17:50
c46;t11256920;42;8;1;2023-02-11 09:17:51
c46;t11256920;42;8;1;2023-02-11 09:17:52
c46;t11256920;42;8;1;2023-02-11 09:17:53
c46;t11256920;42;8;1;2023-02-11 09:17:54
c46;t11256920;42;8;1;2023-02-11 09:17:55
c46;t11256920;42;8;1;2023-02-11 09:17:56
c46;t11256920;42;8;1;2023-02-11 09:17:57
c46;t11256920;42;8;1;2023-02-11 09:17:58
c46;t11256920;42;8;1;2023-02-11 09:17:59
c46;t11256920;42;8;1;2023-02-11 09:18:00
c46;t11256920;42;8;1;2023-02-11 09:18:01
c46;t11256920;42;8;1;2023-02-11 09:18:02
c46;t11256920;42;8;0;2023-02-11 09:18:03
c46;t11256920;42;8;0;2023-02-11 09:18:04
c46;t11256920;42;7;0;2023-02-11 09:18:05
c46;t11256920;42;7;0;2023-02-11 09:18:06
c46;t11256920;42;6;0;2023-02-11 09:18:07
c46;t11256920;42;6;0;2023-02-11 09:18:08
c46;t11256920;42;5;0;2023-02-11 09:18:09
c46;t11256920;42;5;0;2023-02-11 09:18:10
c46;t11256920;42;4;0;2023-02-11 09:18:11
c46;t11256920;42;4;0;2023-02-11 09:18:12
c46;t11256920;42;3;0;2023-02-11 09:18:13
c46;t11256920;42;3;0;2023-02-11 09:18:14
c46;t11256920;41;3;0;2023-02-11 09:18:15
c46;t11256920;41;3;0;2023-02-11 09:18:16
c46;t11256920;40;3;0;2023-02-11 09:18:17
c46;t11256920;40;3;0;2023-02-11 09:18:18
c46;t11256920;39;3;0;2023-02-11 09:18:19
c46;t11256920;39;3;0;2023-02-11 09:18:20
c46;t11256920;38;3;0;2023-02-11 09:18:21
c46;t11256920;38;3;0;2023-02-11 09:18:22
c46;t11256920;38;4;0;2023-02-11 09:18:23
c46;t11256920;38;4;0;2023-02-11 09:18:24
c46;t11256920;37;4;1;2023-02-11 09:18:25
c46;t11256920;37;4;1;2023-02-11 09:18:26
c46;t11256920;37;4;1;2023-02-11 09:18:27
c46;t11256920;37;4;1;2023-02-11 09:18:28
c46;t11256920;37;4;1;2023-02-11 09:18:29
c46;t11256920;37;4;1;2023-02-11 09:18:30
c46;t11256920;37;4;1;2023-02-11 09:18:31
c46;t11256920;37;4;1;2023-02-11 09:18:32
c46;t11256920;37;4;1;2023-02-11 09:18:33
c46;t11256920;37;4;1;2023-02-11 09:18:34
c46;t11256920;37;4;1;2023-02-11 09:18:35
c46;t11256920;37;4;1;2023-02-11 09:18:36
c46;t11256920;37;4;1;2023-02-11 09:18:37
c46;t11256920;37;4;1;2023-02-11 09:18:38
c46;t11256920;37;4;1;2023-02-11 09:18:39
c46;t11256920;37;4;1;2023-02-11 09:18:40
c46;t11256920;37;4;1;2023-02-11 09:18:41
c46;t11256920;37;4;1;2023-02-11 09:18:42
c46;t11256920;37;4;1;2023-02-11 09:18:43
c46;t11256920;37;4;1;2023-02-11 09:18:44
c46;t11256920;37;4;1;2023-02-11 09:18:45
c46;t11256920;37;4;1;2023-02-11 09:18:46
c46;t11256920;37;4;1;2023-02-11 09:18:47
c46;t11256920;37;4;1;2023-02-11 09:18:48
c46;t11256920;37;4;1;2023-02-11 09:18:49
c46;t11256920;37;4;1;2023-02-11 09:18:50
c46;t11256920;37;4;1;2023-02-11 09:18:51
c46;t11256920;37;4;1;2023-02-11 09:18:52
c46;t11256920;37;4;1;2023-02-11 09:18:53
c46;t11256920;37;4;1;2023-02-11 09:18:54
c46;t11256920;37;4;1;2023-02-11 09:18:55
c46;t11256920;37;4;1;2023-02-11 09:18:56
c46;t11256920;37;4;1;2023-02-11 09:18:57
c46;t11256920;37;4;1;2023-02-11 09:18:58
c46;t11256920;37;4;1;2023-02-11 09:18:59
c46;t11256920;37;4;1;2023-02-11 09:19:00
c46;t11256920;37;4;1;2023-02-11 09:19:01
c46;t11256920;37;4;1;2023-02-11 09:19:02
c46;t11256920;37;4;1;2023-02-11 09:19:03
c46;t11256920;37;4;1;2023-02-11 09:19:04
c46;t11256920;37;4;1;2023-02-11 09:19:05
c46;t11256920;37;4;1;2023-02-11 09:19:06
c46;t11256920;37;4;1;2023-02-11 09:19:07
c46;t11256920;37;4;1;2023-02-11 09:19:08
c46;t11256920;37;4;1;2023-02-11 09:19:09
c46;t11256920;37;4;1;2023-02-11 09:19:10
c46;t11256920;37;4;1;2023-02-11 09:19:11
c46;t11256920;37;4;1;2023-02-11 09:19:12
c46;t11256920;37;4;1;2023-02-11 09:19:13
c46;t11256920;37;4;1;2023-02-11 09:19:14
c46;t11256920;37;4;1;2023-02-11 09:19:15
c46;t11256920;37;4;1;2023-02-11 09:19:16
c46;t11256920;37;4;1;2023-02-11 09:19:17
c46;t11256920;37;4;1;2023-02-11 09:19:18
c46;t11256920;37;4;1;2023-02-11 09:19:19
c46;t11256920;37;4;1;2023-02-11 09:19:20
c46;t11256920;37;4;1;2023-02-11 09:19:21
c46;t11256920;37;4;1;2023-02-11 09:19:22
c46;t11256920;37;4;1;2023-02-11 09:19:23
c46;t11256920;37;4;1;2023-02-11 09:19:24
c46;t11256920;37;4;1;2023-02-11 09:19:25
c46;t11256920;37;4;1;2023-02-11 09:19:26
c46;t11256920;37;4;1;2023-02-11 09:19:27
c46;t11256920;37;4;1;2023-02-11 09:19:28
c46;t11256920;37;4;1;2023-02-11 09:19:29
c46;t11256920;37;4;1;2023-02-11 09:19:30
c46;t11256920;37;4;1;2023-02-11 09:19:31
c46;t11256920;37;4;1;2023-02-11 09:19:32
c46;t11256920;37;4;1;2023-02-11 09:19:33
c46;t11256920;37;4;1;2023-02-11 09:19:34
c46;t11256920;37;4;1;2023-02-11 09:19:35
c46;t11256920;37;4;1;2023-02-11 09:19:36
c46;t11256920;37;4;1;2023-02-11 09:19:37
c46;t11256920;37;4;1;2023-02-11 09:19:38
c46;t11256920;37;4;1;2023-02-11 09:19:39
c46;t11256920;37;4;1;2023-02-11 09:19:40
c46;t11256920;37;4;1;2023-02-11 09:19:41
c46;t11256920;37;4;1;2023-02-11 09:19:42
c46;t11256920;37;4;1;2023-02-11 09:19:43
c46;t11256920;37;4;1;2023-02-11 09:19:44
c46;t11256920;37;4;1;2023-02-11 09:19:45
c46;t11256920;37;4;1;2023-02-11 09:19:46
c46;t11256920;37;4;1;2023-02-11 09:19:47
c46;t11256920;37;4;1;2023-02-11 09:19:48
c46;t11256920;37;4;1;2023-02-11 09:19:49
c46;t11256920;37;4;1;2023-02-11 09:19:50
c46;t11256920;37;4;1;2023-02-11 09:19:51
c46;t11256920;37;4;1;2023-02-11 09:19:52
c46;t11256920;37;4;1;2023-02-11 09:19:53
c46;t11256920;37;4;1;2023-02-11 09:19:54
c46;t11256920;37;4;1;2023-02-11 09:19:55
c46;t11256920;37;4;0;2023-02-11 09:19:56
c46;t11256920;37;4;0;2023-02-11 09:19:57
c46;t11256920;37;3;0;2023-02-11 09:19:58
c46;t11256920;37;3;0;2023-02-11 09:19:59
c46;t11256920;36;3;0;2023-02-11 09:20:00
c46;t11256920;36;3;0;2023-02-11 09:20:01
c46;t11256920;35;3;0;2023-02-11 09:20:02
c46;t11256920;35;3;0;2023-02-11 09:20:03
c46;t11256920;34;3;0;2023-02-11 09:20:04
c46;t11256920;34;3;0;2023-02-11 09:20:05
c46;t11256920;33;3;0;2023-02-11 09:20:06
c46;t11256920;33;3;0;2023-02-11 09:20:07
c46;t11256920;32;3;0;2023-02-11 09:20:08
c46;t11256920;32;3;0;2023-02-11 09:20:09
c46;t11256920;31;3;0;2023-02-11 09:20:10
c46;t11256920;31;3;0;2023-02-11 09:20:11
c46;t11256920;30;3;0;2023-02-11 09:20:12
c46;t11256920;30;3;0;2023-02-11 09:20:13
c46;t11256920;29;3;0;2023-02-11 09:20:14
c46;t11256920;29;3;0;2023-02-11 09:20:15
c46;t11256920;28;3;0;2023-02-11 09:20:16
c46;t11256920;28;3;0;2023-02-11 09:20:17
c46;t11256920;27;3;0;2023-02-11 09:20:18
c46;t11256920;27;3;0;2023-02-11 09:20:19
c46;t11256920;26;3;0;2023-02-11 09:20:20
c46;t11256920;26;3;0;2023-02-11 09:20:21
c46;t11256920;25;3;0;2023-02-11 09:20:22
c46;t11256920;25;3;0;2023-02-11 09:20:23
c46;t11256920;24;3;0;2023-02-11 09:20:24
c46;t11256920;24;3;0;2023-02-11 09:20:25
c46;t11256920;23;3;0;2023-02-11 09:20:26
c46;t11256920;23;3;0;2023-02-11 09:20:27
c46;t11256920;22;3;0;2023-02-11 09:20:28
c46;t11256920;22;3;0;2023-02-11 09:20:29
c46;t11256920;21;3;0;2023-02-11 09:20:30
c46;t11256920;21;3;0;2023-02-11 09:20:31
c46;t11256920;20;3;0;2023-02-11 09:20:32
c46;t11256920;20;3;0;2023-02-11 09:20:33
c46;t11256920;19;3;0;2023-02-11 09:20:34
c46;t11256920;19;3;0;2023-02-11 09:20:35
c46;t11256920;18;3;0;2023-02-11 09:20:36
c46;t11256920;18;3;0;2023-02-11 09:20:37
c46;t11256920;17;3;0;2023-02-11 09:20:38
c46;t11256920;17;3;0;2023-02-11 09:20:39
c46;t11256920;16;3;0;2023-02-11 09:20:40
c46;t11256920;16;3;0;2023-02-11 09:20:41
c46;t11256920;15;3;0;2023-02-11 09:20:42
c46;t11256920;15;3;0;2023-02-11 09:20:43
c46;t11256920;14;3;0;2023-02-11 09:20:44
c46;t11256920;14;3;0;2023-02-11 09:20:45
c46;t11256920;13;3;0;2023-02-11 09:20:46
c46;t11256920;13;3;0;2023-02-11 09:20:47
c46;t11256920;12;3;0;2023-02-11 09:20:48
c46;t11256920;12;3;0;2023-02-11 09:20:49
c46;t11256920;11;3;0;2023-02-11 09:20:50
c46;t11256920;11;3;0;2023-02-11 09:20:51
c46;t11256920;10;3;1;2023-02-11 09:20:52
c46;t11256920;10;3;1;2023-02-11 09:20:53
c46;t11256920;10;3;1;2023-02-11 09:20:54
c46;t11256920;10;3;1;2023-02-11 09:20:55
c46;t11256920;10;3;1;2023-02-11 09:20:56
c46;t11256920;10;3;1;2023-02-11 09:20:57
c46;t11256920;10;3;1;2023-02-11 09:20:58
c46;t11256920;10;3;1;2023-02-11 09:20:59
c46;t11256920;10;3;1;2023-02-11 09:21:00
c46;t11256920;10;3;1;2023-02-11 09:21:01
c46;t11256920;10;3;1;2023-02-11 09:21:02
c46;t11256920;10;3;1;2023-02-11 09:21:03
c46;t11256920;10;3;1;2023-02-11 09:21:04
c46;t11256920;10;3;1;2023-02-11 09:21:05
c46;t11256920;10;3;1;2023-02-11 09:21:06
c46;t11256920;10;3;1;2023-02-11 09:21:07
c46;t11256920;10;3;1;2023-02-11 09:21:08
c46;t11256920;10;3;1;2023-02-11 09:21:09
c46;t11256920;10;3;1;2023-02-11 09:21:10
c46;t11256920;10;3;1;2023-02-11 09:21:11
c46;t11256920;10;3;1;2023-02-11 09:21:12
c46;t11256920;10;3;1;2023-02-11 09:21:13
c46;t11256920;10;3;1;2023-02-11 09:21:14
c46;t11256920;10;3;1;2023-02-11 09:21:15
c46;t11256920;10;3;1;2023-02-11 09:21:16
c46;t11256920;10;3;1;2023-02-11 09:21:17
c46;t11256920;10;3;1;2023-02-11 09:21:18
c46;t11256920;10;3;1;2023-02-11 09:21:19
c46;t11256920;10;3;1;2023-02-11 09:21:20
c46;t11256920;10;3;1;2023-02-11 09:21:21
c46;t11256920;10;3;1;2023-02-11 09:21:22
c46;t11256920;10;3;1;2023-02-11 09:21:23
c46;t11256920;10;3;1;2023-02-11 09:21:24
c46;t11256920;10;3;0;2023-02-11 09:21:25
c46;t11256920;10;3;0;2023-02-11 09:21:26
c46;t11256920;9;3;0;2023-02-11 09:21:27
c46;t11256920;9;3;0;2023-02-11 09:21:28
c46;t11256920;8;3;0;2023-02-11 09:21:29
c46;t11256920;8;3;0;2023-02-11 09:21:30
c46;t11256920;8;4;0;2023-02-11 09:21:31
c46;t11256920;8;4;0;2023-02-11 09:21:32
c46;t11256920;8;5;0;2023-02-11 09:21:33
c46;t11256920;8;5;0;2023-02-11 09:21:34
c46;t11256920;8;6;0;2023-02-11 09:21:35
c46;t11256920;8;6;0;2023-02-11 09:21:36
c46;t11256920;8;7;0;2023-02-11 09:21:37
c46;t11256920;8;7;0;2023-02-11 09:21:38
c46;t11256920;7;7;0;2023-02-11 09:21:39
c46;t11256920;7;7;0;2023-02-11 09:21:40
c46;t11256920;6;7;0;2023-02-11 09:21:41
c46;t11256920;6;7;0;2023-02-11 09:21:42
c46;t11256920;5;7;0;2023-02-11 09:21:43
c46;t11256920;5;7;0;2023-02-11 09:21:44
c46;t11256920;4;7;0;2023-02-11 09:21:45
c46;t11256920;4;7;0;2023-02-11 09:21:46
c46;t11256920;3;7;0;2023-02-11 09:21:47
c46;t11256920;3;7;0;2023-02-11 09:21:48
c46;t11256920;3;8;0;2023-02-11 09:21:49
c46;t11256920;3;8;0;2023-02-11 09:21:50
c46;t11256920;3;9;0;2023-02-11 09:21:51
c46;t11256920;3;9;0;2023-02-11 09:21:52
c46;t11256920;3;10;0;2023-02-11 09:21:53
c46;t11256920;3;10;0;2023-02-11 09:21:54
c46;t11256920;3;11;0;2023-02-11 09:21:55
c46;t11256920;3;11;0;2023-02-11 09:21:56
c46;t11256920;4;11;0;2023-02-11 09:21:57
c46;t11256920;4;11;0;2023-02-11 09:21:58
c46;t11256920;5;11;1;2023-02-11 09:21:59
c46;t11256920;5;11;1;2023-02-11 09:22:00
c46;t11256920;5;11;1;2023-02-11 09:22:01
c46;t11256920;5;11;1;2023-02-11 09:22:02
c46;t11256920;5;11;1;2023-02-11 09:22:03
c46;t11256920;5;11;1;2023-02-11 09:22:04
c46;t11256920;5;11;1;2023-02-11 09:22:05
c46;t11256920;5;11;1;2023-02-11 09:22:06
c46;t11256920;5;11;1;2023-02-11 09:22:07
c46;t11256920;5;11;1;2023-02-11 09:22:08
c46;t11256920;5;11;1;2023-02-11 09:22:09
c46;t11256920;5;11;1;2023-02-11 09:22:10
c46;t11256920;5;11;1;2023-02-11 09:22:11
c46;t11256920;5;11;1;2023-02-11 09:22:12
c46;t11256920;5;11;1;2023-02-11 09:22:13
c46;t11256920;5;11;1;2023-02-11 09:22:14
c46;t11256920;5;11;1;2023-02-11 09:22:15
c46;t11256920;5;11;1;2023-02-11 09:22:16
c46;t11256920;5;11;1;2023-02-11 09:22:17
c46;t11256920;5;11;1;2023-02-11 09:22:18
c46;t11256920;5;11;1;2023-02-11 09:22:19
c46;t11256920;5;11;1;2023-02-11 09:22:20
c46;t11256920;5;11;1;2023-02-11 09:22:21
c46;t11256920;5;11;1;2023-02-11 09:22:22
c46;t11256920;5;11;1;2023-02-11 09:22:23
c46;t11256920;5;11;1;2023-02-11 09:22:24
c46;t11256920;5;11;1;2023-02-11 09:22:25
c46;t11256920;5;11;1;2023-02-11 09:22:26
c46;t11256920;5;11;1;2023-02-11 09:22:27
c46;t11256920;5;11;1;2023-02-11 09:22:28
c46;t11256920;5;11;1;2023-02-11 09:22:29
c46;t11256920;5;11;1;2023-02-11 09:22:30
c46;t11256920;5;11;0;2023-02-11 09:22:31
c46;t11256920;5;11;0;2023-02-11 09:22:32
c46;t11256920;4;11;0;2023-02-11 09:22:33
c46;t11256920;4;11;0;2023-02-11 09:22:34
c46;t11256920;3;11;0;2023-02-11 09:22:35
c46;t11256920;3;11;0;2023-02-11 09:22:36
c46;t11256920;3;12;0;2023-02-11 09:22:37
c46;t11256920;3;12;0;2023-02-11 09:22:38
c46;t11256920;3;13;0;2023-02-11 09:22:39
c46;t11256920;3;13;0;2023-02-11 09:22:40
c46;t11256920;3;14;0;2023-02-11 09:22:41
c46;t11256920;3;14;0;2023-02-11 09:22:42
c46;t11256920;3;15;0;2023-02-11 09:22:43
c46;t11256920;3;15;0;2023-02-11 09:22:44
c46;t11256920;3;16;0;2023-02-11 09:22:45
c46;t11256920;3;16;0;2023-02-11 09:22:46
c46;t11256920;3;17;0;2023-02-11 09:22:47
c46;t11256920;3;17;0;2023-02-11 09:22:48
c46;t11256920;3;18;0;2023-02-11 09:22:49
c46;t11256920;3;18;0;2023-02-11 09:22:50
c46;t11256920;4;18;0;2023-02-11 09:22:51
c46;t11256920;4;18;0;2023-02-11 09:22:52
c46;t11256920;5;18;0;2023-02-11 09:22:53
c46;t11256920;5;18;0;2023-02-11 09:22:54
c46;t11256920;6;18;1;2023-02-11 09:22:55
c46;t11256920;6;18;1;2023-02-11 09:22:56
c46;t11256920;6;18;1;2023-02-11 09:22:57
c46;t11256920;6;18;1;2023-02-11 09:22:58
c46;t11256920;6;18;1;2023-02-11 09:22:59
c46;t11256920;6;18;1;2023-02-11 09:23:00
c46;t11256920;6;18;1;2023-02-11 09:23:01
c46;t11256920;6;18;1;2023-02-11 09:23:02
c46;t11256920;6;18;1;2023-02-11 09:23:03
c46;t11256920;6;18;1;2023-02-11 09:23:04
c46;t11256920;6;18;1;2023-02-11 09:23:05
c46;t11256920;6;18;1;2023-02-11 09:23:06
c46;t11256920;6;18;1;2023-02-11 09:23:07
c46;t11256920;6;18;1;2023-02-11 09:23:08
c46;t11256920;6;18;1;2023-02-11 09:23:09
c46;t11256920;6;18;1;2023-02-11 09:23:10
c46;t11256920;6;18;1;2023-02-11 09:23:11
c46;t11256920;6;18;1;2023-02-11 09:23:12
c46;t11256920;6;18;1;2023-02-11 09:23:13
c46;t11256920;6;18;1;2023-02-11 09:23:14
c46;t11256920;6;18;1;2023-02-11 09:23:15
c46;t11256920;6;18;1;2023-02-11 09:23:16
c46;t11256920;6;18;1;2023-02-11 09:23:17
c46;t11256920;6;18;1;2023-02-11 09:23:18
c46;t11256920;6;18;1;2023-02-11 09:23:19
c46;t11256920;6;18;1;2023-02-11 09:23:20
c46;t11256920;6;18;1;2023-02-11 09:23:21
c46;t11256920;6;18;1;2023-02-11 09:23:22
c46;t11256920;6;18;1;2023-02-11 09:23:23
c46;t11256920;6;18;1;2023-02-11 09:23:24
c46;t11256920;6;18;1;2023-02-11 09:23:25
c46;t11256920;6;18;1;2023-02-11 09:23:26
c46;t11256920;6;18;1;2023-02-11 09:23:27
c46;t11256920;6;18;1;2023-02-11 09:23:28
c46;t11256920;6;18;1;2023-02-11 09:23:29
c46;t11256920;6;18;1;2023-02-11 09:23:30
c46;t11256920;6;18;1;2023-02-11 09:23:31
c46;t11256920;6;18;1;2023-02-11 09:23:32
c46;t11256920;6;18;1;2023-02-11 09:23:33
c46;t11256920;6;18;1;2023-02-11 09:23:34
c46;t11256920;6;18;1;2023-02-11 09:23:35
c46;t11256920;6;18;1;2023-02-11 09:23:36
c46;t11256920;6;18;1;2023-02-11 09:23:37
c46;t11256920;6;18;1;2023-02-11 09:23:38
c46;t11256920;6;18;1;2023-02-11 09:23:39
c46;t11256920;6;18;1;2023-02-11 09:23:40
c46;t11256920;6;18;1;2023-02-11 09:23:41
c46;t11256920;6;18;1;2023-02-11 09:23:42
c46;t11256920;6;18;1;2023-02-11 09:23:43
c46;t11256920;6;18;1;2023-02-11 09:23:44
c46;t11256920;6;18;1;2023-02-11 09:23:45
c46;t11256920;6;18;1;2023-02-11 09:23:46
c46;t11256920;6;18;1;2023-02-11 09:23:47
c46;t11256920;6;18;1;2023-02-11 09:23:48
c46;t11256920;6;18;1;2023-02-11 09:23:49
c46;t11256920;6;18;1;2023-02-11 09:23:50
c46;t11256920;6;18;1;2023-02-11 09:23:51
c46;t11256920;6;18;1;2023-02-11 09:23:52
c46;t11256920;6;18;0;2023-02-11 09:23:53
c46;t11256920;6;18;0;2023-02-11 09:23:54
c46;t11256920;7;18;0;2023-02-11 09:23:55
c46;t11256920;7;18;0;2023-02-11 09:23:56
c46;t11256920;8;18;0;2023-02-11 09:23:57
c46;t11256920;8;18;0;2023-02-11 09:23:58
c46;t11256920;9;18;0;2023-02-11 09:23:59
c46;t11256920;9;18;0;2023-02-11 09:24:00
c46;t11256920;10;18;0;2023-02-11 09:24:01
c46;t11256920;10;18;0;2023-02-11 09:24:02
c46;t11256920;11;18;0;2023-02-11 09:24:03
c46;t11256920;11;18;0;2023-02-11 09:24:04
c46;t11256920;12;18;0;2023-02-11 09:24:05
c46;t11256920;12;18;0;2023-02-11 09:24:06
c46;t11256920;13;18;0;2023-02-11 09:24:07
c46;t11256920;13;18;0;2023-02-11 09:24:08
c46;t11256920;14;18;0;2023-02-11 09:24:09
c46;t11256920;14;18;0;2023-02-11 09:24:10
c46;t11256920;15;18;0;2023-02-11 09:24:11
c46;t11256920;15;18;0;2023-02-11 09:24:12
c46;t11256920;15;19;0;2023-02-11 09:24:13
c46;t11256920;15;19;0;2023-02-11 09:24:14
c46;t11256920;16;19;0;2023-02-11 09:24:15
c46;t11256920;16;19;0;2023-02-11 09:24:16
c46;t11256920;17;19;0;2023-02-11 09:24:17
c46;t11256920;17;19;0;2023-02-11 09:24:18
c46;t11256920;18;19;0;2023-02-11 09:24:19
c46;t11256920;18;19;0;2023-02-11 09:24:20
c46;t11256920;19;19;0;2023-02-11 09:24:21
c46;t11256920;19;19;0;2023-02-11 09:24:22
c46;t11256920;20;19;0;2023-02-11 09:24:23
c46;t11256920;20;19;0;2023-02-11 09:24:24
c46;t11256920;21;19;0;2023-02-11 09:24:25
c46;t11256920;21;19;0;2023-02-11 09:24:26
c46;t11256920;22;19;0;2023-02-11 09:24:27
c46;t11256920;22;19;0;2023-02-11 09:24:28
c46;t11256920;23;19;0;2023-02-11 09:24:29
c46;t11256920;23;19;0;2023-02-11 09:24:30
c46;t11256920;24;19;1;2023-02-11 09:24:31
c46;t11256920;24;19;1;2023-02-11 09:24:32
c46;t11256920;24;19;1;2023-02-11 09:24:33
c46;t11256920;24;19;1;2023-02-11 09:24:34
c46;t11256920;24;19;1;2023-02-11 09:24:35
c46;t11256920;24;19;1;2023-02-11 09:24:36
c46;t11256920;24;19;1;2023-02-11 09:24:37
c46;t11256920;24;19;1;2023-02-11 09:24:38
c46;t11256920;24;19;1;2023-02-11 09:24:39
c46;t11256920;24;19;1;2023-02-11 09:24:40
c46;t11256920;24;19;1;2023-02-11 09:24:41
c46;t11256920;24;19;1;2023-02-11 09:24:42
c46;t11256920;24;19;1;2023-02-11 09:24:43
c46;t11256920;24;19;1;2023-02-11 09:24:44
c46;t11256920;24;19;1;2023-02-11 09:24:45
c46;t11256920;24;19;1;2023-02-11 09:24:46
c46;t11256920;24;19;1;2023-02-11 09:24:47
c46;t11256920;24;19;1;2023-02-11 09:24:48
c46;t11256920;24;19;1;2023-02-11 09:24:49
c46;t11256920;24;19;1;2023-02-11 09:24:50
c46;t11256920;24;19;1;2023-02-11 09:24:51
c46;t11256920;24;19;1;2023-02-11 09:24:52
c46;t11256920;24;19;1;2023-02-11 09:24:53
c46;t11256920;24;19;1;2023-02-11 09:24:54
c46;t11256920;24;19;1;2023-02-11 09:24:55
c46;t11256920;24;19;1;2023-02-11 09:24:56
c46;t11256920;24;19;1;2023-02-11 09:24:57
c46;t11256920;24;19;1;2023-02-11 09:24:58
c46;t11256920;24;19;1;2023-02-11 09:24:59
c46;t11256920;24;19;1;2023-02-11 09:25:00
c46;t11256920;24;19;1;2023-02-11 09:25:01
c46;t11256920;24;19;1;2023-02-11 09:25:02
c46;t11256920;24;19;1;2023-02-11 09:25:03
c46;t11256920;24;19;1;2023-02-11 09:25:04
c46;t11256920;24;19;1;2023-02-11 09:25:05
c46;t11256920;24;19;1;2023-02-11 09:25:06
c46;t11256920;24;19;1;2023-02-11 09:25:07
c46;t11256920;24;19;1;2023-02-11 09:25:08
c46;t11256920;24;19;1;2023-02-11 09:25:09
c46;t11256920;24;19;1;2023-02-11 09:25:10
c46;t11256920;24;19;1;2023-02-11 09:25:11
c46;t11256920;24;19;1;2023-02-11 09:25:12
c46;t11256920;24;19;1;2023-02-11 09:25:13
c46;t11256920;24;19;1;2023-02-11 09:25:14
c46;t11256920;24;19;0;2023-02-11 09:25:15
c46;t11256920;24;19;0;2023-02-11 09:25:16
c46;t11256920;25;19;0;2023-02-11 09:25:17
c46;t11256920;25;19;0;2023-02-11 09:25:18
c46;t11256920;26;19;0;2023-02-11 09:25:19
c46;t11256920;26;19;0;2023-02-11 09:25:20
c46;t11256920;27;19;0;2023-02-11 09:25:21
c46;t11256920;27;19;0;2023-02-11 09:25:22
c46;t11256920;28;19;0;2023-02-11 09:25:23
c46;t11256920;28;19;0;2023-02-11 09:25:24
c46;t11256920;29;19;0;2023-02-11 09:25:25
c46;t11256920;29;19;0;2023-02-11 09:25:26
c46;t11256920;30;19;0;2023-02-11 09:25:27
c46;t11256920;30;19;0;2023-02-11 09:25:28
c46;t11256920;31;19;0;2023-02-11 09:25:29
c46;t11256920;31;19;0;2023-02-11 09:25:30
c46;t11256920;32;19;1;2023-02-11 09:25:31
c46;t11256920;32;19;1;2023-02-11 09:25:32
c46;t11256920;32;19;1;2023-02-11 09:25:33
c46;t11256920;32;19;1;2023-02-11 09:25:34
c46;t11256920;32;19;1;2023-02-11 09:25:35
c46;t11256920;32;19;1;2023-02-11 09:25:36
c46;t11256920;32;19;1;2023-02-11 09:25:37
c46;t11256920;32;19;1;2023-02-11 09:25:38
c46;t11256920;32;19;1;2023-02-11 09:25:39
c46;t11256920;32;19;1;2023-02-11 09:25:40
c46;t11256920;32;19;1;2023-02-11 09:25:41
c46;t11256920;32;19;1;2023-02-11 09:25:42
c46;t11256920;32;19;1;2023-02-11 09:25:43
c46;t11256920;32;19;1;2023-02-11 09:25:44
c46;t11256920;32;19;1;2023-02-11 09:25:45
c46;t11256920;32;19;1;2023-02-11 09:25:46
c46;t11256920;32;19;1;2023-02-11 09:25:47
c46;t11256920;32;19;1;2023-02-11 09:25:48
c46;t11256920;32;19;1;2023-02-11 09:25:49
c46;t11256920;32;19;1;2023-02-11 09:25:50
c46;t11256920;32;19;1;2023-02-11 09:25:51
c46;t11256920;32;19;1;2023-02-11 09:25:52
c46;t11256920;32;19;1;2023-02-11 09:25:53
c46;t11256920;32;19;1;2023-02-11 09:25:54
c46;t11256920;32;19;1;2023-02-11 09:25:55
c46;t11256920;32;19;1;2023-02-11 09:25:56
c46;t11256920;32;19;1;2023-02-11 09:25:57
c46;t11256920;32;19;1;2023-02-11 09:25:58
c46;t11256920;32;19;1;2023-02-11 09:25:59
c46;t11256920;32;19;1;2023-02-11 09:26:00
c46;t11256920;32;19;1;2023-02-11 09:26:01
c46;t11256920;32;19;0;2023-02-11 09:26:02
c46;t11256920;32;19;0;2023-02-11 09:26:03
c46;t11256920;33;19;0;2023-02-11 09:26:04
c46;t11256920;33;19;0;2023-02-11 09:26:05
c46;t11256920;34;19;0;2023-02-11 09:26:06
c46;t11256920;34;19;0;2023-02-11 09:26:07
c46;t11256920;35;19;0;2023-02-11 09:26:08
c46;t11256920;35;19;0;2023-02-11 09:26:09
c46;t11256920;35;20;0;2023-02-11 09:26:10
c46;t11256920;35;20;0;2023-02-11 09:26:11
